restaurant_id,restaurant_name,cuisine_type,sido,sigungu,restaurant_rating,join_date,latitude,longitude
0000001,홍콩반점 화성1호점,중식,경기,화성시,4.7,2025-08-05,37.215179,126.825655
0000002,한그릇식당 팔달구2호점,한식,경기,수원시 팔달구,4.4,2025-07-11,37.271092,127.025024
0000003,용궁반점 영통구3호점,중식,경기,수원시 영통구,4.0,2025-08-16,37.248733,127.032298
0000004,달콤카페 장안구4호점,카페·디저트,경기,수원시 장안구,3.7,2025-08-28,37.320111,126.989169
0000005,황금치킨 기흥구5호점,치킨,경기,용인시 기흥구,4.4,2025-08-15,37.277177,127.116878
0000006,화덕피자 화성6호점,피자,경기,화성시,4.4,2026-06-08,37.179449,126.818194
0000007,홍콩반점 수지구7호점,중식,경기,용인시 수지구,4.8,2025-11-08,37.335059,127.084961
0000008,엄마손식당 장안구1호점,한식,경기,수원시 장안구,4.2,2025-08-04,37.310053,126.999011
0000009,김밥분식 수지구2호점,분식,경기,용인시 수지구,4.0,2025-08-03,37.334616,127.091522
0000010,한그릇식당 화성3호점,한식,경기,화성시,4.3,2025-08-16,37.201402,126.839114
0000011,크리스피치킨 팔달구4호점,치킨,경기,수원시 팔달구,4.2,2025-07-25,37.288939,127.022588
0000012,동네치킨 장안구5호점,치킨,경기,수원시 장안구,4.2,2025-08-01,37.295217,127.010067
0000013,꼬마분식 영통구6호점,분식,경기,수원시 영통구,4.0,2025-11-04,37.26265,127.041852
0000014,만리반점 팔달구7호점,중식,경기,수원시 팔달구,4.7,2026-02-22,37.277407,127.02499
0000015,김밥분식 장안구1호점,분식,경기,수원시 장안구,4.5,2025-07-20,37.296813,127.01254
0000016,마당치킨 장안구2호점,치킨,경기,수원시 장안구,4.5,2026-05-20,37.289926,127.021438
0000017,바삭치킨 장안구3호점,치킨,경기,수원시 장안구,3.9,2025-08-26,37.300218,127.025788
0000018,달콤카페 기흥구4호점,카페·디저트,경기,용인시 기흥구,4.1,2025-07-06,37.26333,127.091085
0000019,시골식당 처인구5호점,한식,경기,용인시 처인구,4.3,2025-08-04,37.241685,127.191328
0000020,크리스피치킨 영통구6호점,치킨,경기,수원시 영통구,4.5,2025-07-22,37.24517,127.04468
0000021,황금치킨 화성7호점,치킨,경기,화성시,4.6,2025-08-31,37.1984,126.840945
0000022,엄마손식당 영통구1호점,한식,경기,수원시 영통구,4.5,2025-08-15,37.251022,127.04343
0000023,화덕피자 처인구2호점,피자,경기,용인시 처인구,3.8,2025-07-08,37.237132,127.178373
0000024,마당치킨 수지구3호점,치킨,경기,용인시 수지구,4.4,2025-07-07,37.325835,127.104772
0000025,스시 수지구4호점,일식,경기,용인시 수지구,3.9,2025-07-29,37.330543,127.092635
0000026,바삭치킨 영통구5호점,치킨,경기,수원시 영통구,4.1,2025-08-27,37.256591,127.031284
0000027,황금치킨 권선구6호점,치킨,경기,수원시 권선구,4.1,2025-07-27,37.25634,126.968861
0000028,황금치킨 영통구7호점,치킨,경기,수원시 영통구,4.7,2026-06-07,37.273185,127.038007
0000029,라멘 영통구1호점,일식,경기,수원시 영통구,4.1,2025-08-14,37.257591,127.038987
0000030,분식왕분식 수지구2호점,분식,경기,용인시 수지구,4.1,2025-08-10,37.339891,127.092149
0000031,떡볶이분식 팔달구3호점,분식,경기,수원시 팔달구,4.3,2025-07-28,37.255339,127.004954
0000032,크리스피치킨 권선구4호점,치킨,경기,수원시 권선구,4.5,2026-01-04,37.243632,126.993804
0000033,바삭치킨 처인구5호점,치킨,경기,용인시 처인구,4.2,2025-08-18,37.239512,127.172582
0000034,바삭치킨 수지구6호점,치킨,경기,용인시 수지구,3.9,2025-08-17,37.326359,127.112888
0000035,도우피자 영통구7호점,피자,경기,수원시 영통구,4.4,2025-11-13,37.265195,127.05671
0000036,마당치킨 처인구1호점,치킨,경기,용인시 처인구,4.3,2026-01-10,37.222382,127.206865
0000037,바삭치킨 팔달구2호점,치킨,경기,수원시 팔달구,4.3,2025-08-12,37.272817,127.018545
0000038,바삭치킨 화성3호점,치킨,경기,화성시,4.6,2026-01-18,37.198771,126.85117
0000039,한그릇식당 장안구4호점,한식,경기,수원시 장안구,3.9,2026-03-23,37.296565,127.018467
0000040,크리스피치킨 수지구5호점,치킨,경기,용인시 수지구,4.2,2025-08-04,37.329979,127.102884
0000041,동네치킨 처인구6호점,치킨,경기,용인시 처인구,4.5,2025-07-18,37.240887,127.194915
0000042,꼬마분식 수지구7호점,분식,경기,용인시 수지구,3.8,2025-07-27,37.304694,127.123763
0000043,치즈피자 권선구1호점,피자,경기,수원시 권선구,3.9,2025-07-07,37.259658,126.969682
0000044,정성식당 권선구2호점,한식,경기,수원시 권선구,4.7,2025-08-08,37.27393,126.949724
0000045,김밥분식 기흥구3호점,분식,경기,용인시 기흥구,3.9,2025-07-30,37.288747,127.130381
0000046,떡볶이분식 수지구4호점,분식,경기,용인시 수지구,4.2,2025-08-26,37.313859,127.088731
0000047,라멘 팔달구5호점,일식,경기,수원시 팔달구,4.4,2025-08-11,37.284829,127.025769
0000048,라멘 장안구6호점,일식,경기,수원시 장안구,4.7,2026-06-21,37.31442,127.018125
0000049,정성식당 수지구7호점,한식,경기,용인시 수지구,4.7,2025-07-14,37.344788,127.083352
0000050,나폴리피자 수지구1호점,피자,경기,용인시 수지구,4.1,2025-07-23,37.324512,127.075392
0000051,달콤카페 수지구2호점,카페·디저트,경기,용인시 수지구,4.7,2025-07-07,37.345475,127.106717
0000052,황금치킨 수지구3호점,치킨,경기,용인시 수지구,4.6,2025-07-31,37.317838,127.108418
0000053,김밥분식 팔달구4호점,분식,경기,수원시 팔달구,4.0,2026-06-02,37.275963,127.030305
0000054,떡볶이분식 영통구5호점,분식,경기,수원시 영통구,4.1,2025-11-19,37.268548,127.044869
0000055,스시 화성6호점,일식,경기,화성시,4.6,2025-07-23,37.196593,126.836063
0000056,꼬마분식 처인구7호점,분식,경기,용인시 처인구,3.9,2025-07-04,37.264349,127.208677
0000057,떡볶이분식 권선구1호점,분식,경기,수원시 권선구,4.5,2025-12-05,37.247813,126.954715
0000058,돈부리 화성2호점,일식,경기,화성시,4.3,2025-08-06,37.205486,126.827344
0000059,떡볶이분식 권선구3호점,분식,경기,수원시 권선구,4.0,2025-08-19,37.24134,126.966576
0000060,왕반점 영통구4호점,중식,경기,수원시 영통구,4.1,2026-05-11,37.266297,127.053396
0000061,정성식당 화성5호점,한식,경기,화성시,4.5,2025-08-22,37.224483,126.805317
0000062,떡볶이분식 기흥구6호점,분식,경기,용인시 기흥구,3.9,2025-08-25,37.284695,127.141613
0000063,한그릇식당 기흥구7호점,한식,경기,용인시 기흥구,4.5,2026-05-28,37.302386,127.130784
0000064,정성식당 처인구1호점,한식,경기,용인시 처인구,4.5,2025-08-06,37.229384,127.211772
0000065,엄마손식당 기흥구2호점,한식,경기,용인시 기흥구,4.4,2025-07-14,37.295317,127.124739
0000066,시골식당 수지구3호점,한식,경기,용인시 수지구,4.5,2025-08-08,37.312291,127.10073
0000067,달콤카페 처인구4호점,카페·디저트,경기,용인시 처인구,4.5,2025-07-09,37.230384,127.214915
0000068,바삭치킨 팔달구5호점,치킨,경기,수원시 팔달구,4.3,2025-08-17,37.286266,127.035336
0000069,바삭치킨 팔달구6호점,치킨,경기,수원시 팔달구,4.1,2025-07-08,37.274936,127.020904
0000070,황금치킨 수지구7호점,치킨,경기,용인시 수지구,4.7,2025-12-12,37.317481,127.093739
0000071,바삭치킨 기흥구1호점,치킨,경기,용인시 기흥구,4.4,2025-07-20,37.284244,127.099635
0000072,한그릇식당 팔달구2호점,한식,경기,수원시 팔달구,4.3,2025-08-08,37.307971,127.04072
0000073,나폴리피자 장안구3호점,피자,경기,수원시 장안구,3.8,2025-08-11,37.298426,126.994858
0000074,치즈피자 권선구4호점,피자,경기,수원시 권선구,4.3,2025-08-24,37.256622,127.002238
0000075,라멘 수지구5호점,일식,경기,용인시 수지구,4.4,2025-08-13,37.32896,127.066288
0000076,나폴리피자 기흥구6호점,피자,경기,용인시 기흥구,4.4,2025-12-11,37.25948,127.116183
0000077,분식왕분식 영통구7호점,분식,경기,수원시 영통구,3.9,2025-07-07,37.278543,127.050497
0000078,꼬마분식 수지구1호점,분식,경기,용인시 수지구,3.6,2025-08-16,37.333992,127.090557
0000079,엄마손식당 권선구2호점,한식,경기,수원시 권선구,4.0,2025-10-03,37.265344,126.95647
0000080,마당치킨 영통구3호점,치킨,경기,수원시 영통구,4.2,2025-08-31,37.256566,127.036435
0000081,도우피자 권선구4호점,피자,경기,수원시 권선구,4.2,2025-08-09,37.265467,126.984398
0000082,만리반점 권선구5호점,중식,경기,수원시 권선구,3.4,2025-07-08,37.253167,126.970611
0000083,시골식당 영통구6호점,한식,경기,수원시 영통구,4.7,2025-08-06,37.234979,127.051084
0000084,브런치카페 기흥구7호점,카페·디저트,경기,용인시 기흥구,4.6,2026-01-25,37.297225,127.110603
0000085,도우피자 수지구1호점,피자,경기,용인시 수지구,4.5,2025-08-11,37.310025,127.069036
0000086,마당치킨 권선구2호점,치킨,경기,수원시 권선구,4.3,2025-07-27,37.245076,126.969542
0000087,바삭치킨 장안구3호점,치킨,경기,수원시 장안구,4.1,2025-08-28,37.32221,127.007367
0000088,시골식당 기흥구4호점,한식,경기,용인시 기흥구,4.5,2026-05-30,37.274212,127.109199
0000089,화덕피자 팔달구5호점,피자,경기,수원시 팔달구,4.6,2025-08-11,37.271311,127.013051
0000090,마당치킨 권선구6호점,치킨,경기,수원시 권선구,4.4,2025-08-21,37.26136,126.989307
0000091,정성식당 영통구7호점,한식,경기,수원시 영통구,4.1,2026-04-29,37.253348,127.070836
0000092,치즈피자 수지구1호점,피자,경기,용인시 수지구,3.9,2026-01-21,37.318882,127.122457
0000093,꼬마분식 장안구2호점,분식,경기,수원시 장안구,4.3,2025-07-27,37.282073,127.040429
0000094,분식왕분식 기흥구3호점,분식,경기,용인시 기흥구,4.0,2025-08-15,37.289511,127.113821
0000095,바삭치킨 처인구4호점,치킨,경기,용인시 처인구,4.7,2025-07-22,37.252079,127.201645
0000096,엄마손식당 권선구5호점,한식,경기,수원시 권선구,4.3,2025-08-10,37.269767,126.97551
0000097,정성식당 권선구6호점,한식,경기,수원시 권선구,4.0,2026-01-27,37.265204,126.979148
0000098,한그릇식당 수지구7호점,한식,경기,용인시 수지구,4.1,2025-08-26,37.320759,127.104546
0000099,시골식당 팔달구1호점,한식,경기,수원시 팔달구,4.4,2025-07-04,37.269758,127.037355
0000100,홍콩반점 화성2호점,중식,경기,화성시,4.3,2026-06-11,37.211663,126.817538
0000101,시골식당 기흥구3호점,한식,경기,용인시 기흥구,3.7,2025-07-10,37.290392,127.123502
0000102,동네치킨 기흥구4호점,치킨,경기,용인시 기흥구,4.6,2025-07-08,37.289639,127.105315
0000103,동네치킨 처인구5호점,치킨,경기,용인시 처인구,3.8,2025-08-22,37.244423,127.200046
0000104,마당치킨 영통구6호점,치킨,경기,수원시 영통구,4.0,2025-08-01,37.256418,127.058177
0000105,황금치킨 팔달구7호점,치킨,경기,수원시 팔달구,4.7,2025-08-03,37.299332,127.02099
0000106,홍콩반점 팔달구1호점,중식,경기,수원시 팔달구,3.9,2025-07-11,37.278269,127.018871
0000107,케이크카페 수지구2호점,카페·디저트,경기,용인시 수지구,4.7,2025-07-31,37.324207,127.093343
0000108,라멘 영통구3호점,일식,경기,수원시 영통구,4.1,2025-07-06,37.255461,127.047967
0000109,돈부리 처인구4호점,일식,경기,용인시 처인구,4.1,2025-08-31,37.228043,127.197124
0000110,마당치킨 기흥구5호점,치킨,경기,용인시 기흥구,4.4,2025-08-29,37.273462,127.118685
0000111,엄마손식당 영통구6호점,한식,경기,수원시 영통구,4.9,2025-08-21,37.253192,127.050101
0000112,한그릇식당 장안구7호점,한식,경기,수원시 장안구,4.2,2025-07-13,37.304777,126.986009
0000113,돈부리 처인구1호점,일식,경기,용인시 처인구,4.5,2025-08-31,37.237887,127.207046
0000114,케이크카페 수지구2호점,카페·디저트,경기,용인시 수지구,3.5,2025-08-14,37.339059,127.097797
0000115,화덕피자 화성3호점,피자,경기,화성시,4.4,2025-07-22,37.216501,126.853661
0000116,브런치카페 기흥구4호점,카페·디저트,경기,용인시 기흥구,4.0,2025-08-20,37.279112,127.100564
0000117,용궁반점 영통구5호점,중식,경기,수원시 영통구,4.6,2025-07-26,37.241791,127.027957
0000118,분식왕분식 권선구6호점,분식,경기,수원시 권선구,3.9,2025-08-08,37.269347,126.96566
0000119,나폴리피자 기흥구7호점,피자,경기,용인시 기흥구,4.3,2025-07-22,37.271469,127.111504
0000120,엄마손식당 기흥구1호점,한식,경기,용인시 기흥구,4.2,2025-11-20,37.291929,127.123203
